SequenceID,ClusterID
125,1
1428,2
435,3
1680,4
1508,5
3685,6
6744,7
2782,8
3626,9
4580,10
5852,11
2984,12
209,13
11019,14
7620,15
3331,16
8737,17
3772,18
49,19
1166,20
8607,21
9580,22
771,23
8273,24
6911,25
6890,26
2382,27
10561,28
798,29
7930,30
5206,31
6670,32
5466,33
2878,34
11237,35
3824,36
4642,37
1187,38
12098,39
8985,40
5841,41
2472,42
11394,43
10842,44
9470,45
791,46
5326,47
2024,48
6576,49
2237,50
7082,51
10921,52
3399,53
3003,54
10930,55
5508,56
1637,57
3006,58
7630,59
1306,60
6920,61
8288,62
7592,63
6472,64
5515,65
8084,66
4206,67
9405,68
2374,69
730,70
5439,71
8999,72
404,73
6079,74
10165,75
7206,76
7808,77
783,78
5156,79
105,80
6733,81
4701,82
6964,83
12134,84
4294,85
1841,1
2775,86
7597,40
10181,87
1856,88
3562,89
1062,90
5597,91
10135,92
5048,93
3673,71
1266,94
1930,94
875,95
4349,96
5118,97
5252,98
8505,99
7982,100
3834,101
7388,102
4637,103
3821,104
2692,105
4178,106
8311,107
2831,108
7127,109
2410,110
236,111
2758,112
11954,113
5980,114
8340,115
1269,116
8332,117
1663,118
8095,102
7495,119
2297,120
5588,51
5345,121
445,122
11696,123
6838,124
5839,108
2345,125
11259,126
9207,127
8432,128
3691,129
4494,130
11072,131
9293,132
1782,133
8488,134
4233,135
3316,136
8676,137
5022,138
10625,139
10857,140
11349,141
9067,35
10762,142
1059,143
830,144
11514,145
458,146
2275,147
3773,148
9509,149
1435,150
9327,151
2836,152
4369,153
7605,64
3933,154
11842,155
5955,156
4072,157
5162,158
5441,159
1530,160
2239,161
5684,162
2019,163
4972,164
4447,165
5100,166
4195,167
8577,168
9635,151
1185,169
10282,170
5025,171
3368,172
232,173
933,174
7998,175
9916,176
4120,177
2712,178
988,179
3340,180
5083,181
3899,182
934,80
5524,183
7243,184
9331,185
2446,186
5727,187
8546,188
2746,189
8581,190
5155,191
8253,192
9061,193
2522,194
2664,195
562,196
7126,197
6252,198
674,199
11114,200
2761,201
4724,202
4616,203
7180,204
987,120
7934,205
5469,206
5038,207
2341,208
1127,209
3693,210
741,211
2417,212
11830,213
1626,133
3137,214
1138,215
9267,216
11223,145
6365,217
743,218
5575,219
9889,220
745,221
7283,222
1221,223
10422,224
8897,225
6585,226
3826,227
7579,228
10234,229
5809,230
9888,231
7687,232
10533,233
2279,234
4427,235
194,236
352,237
8550,238
9487,239
3956,240
8926,241
3705,242
3784,243
10217,244
3310,245
1005,246
2538,247
1498,248
2958,249
2170,250
6616,251
8193,252
804,253
6408,254
2066,255
1173,118
5031,256
7261,257
4333,258
2149,259
4433,260
5472,261
7202,262
382,263
11075,264
1409,103
6618,265
3499,266
2725,211
361,267
4687,268
2180,269
11841,270
860,271
4853,272
69,273
5355,274
4149,275
611,276
5942,277
5751,278
8709,279
8835,280
1619,4
2935,96
1932,281
6606,282
10716,283
1625,284
4110,285
5733,286
2084,287
2558,34
8516,288
5001,289
10711,290
4023,291
2183,150
588,240
11860,292
5133,293
8729,294
6776,295
7772,296
7989,297
6864,298
881,299
1250,300
3559,189
6991,301
11907,302
8336,303
6850,304
11296,305
11866,306
10035,307
2783,308
4867,309
9412,310
5089,219
225,311
8276,312
9896,313
3222,98
899,314
10746,315
11732,316
132,57
9592,317
206,318
5731,319
6830,320
6110,321
3865,232
10345,322
8153,323
7406,324
2494,234
9641,325
4405,326
366,327
1679,328
11330,329
1981,330
7464,331
117,332
4308,333
2996,334
11169,335
9232,336
438,218
10299,337
252,338
272,339
3453,340
4004,341
4067,342
1264,343
9098,344
719,221
8119,345
552,346
63,347
1344,348
7187,349
3599,350
3436,97
6518,214
4618,195
4190,351
3474,352
700,353
1857,354
8459,47
839,284
9104,40
9492,355
7676,356
4339,357
1525,358
943,359
5108,360
5246,361
5726,362
7474,220
7134,363
4047,364
567,365
5662,366
3884,367
5999,368
2036,369
2885,370
1288,371
4601,372
4971,373
3808,374
4663,375
5736,376
11056,377
8357,378
5381,379
124,266
9309,380
4272,381
1843,330
2915,382
220,383
2697,104
623,381
8031,384
6984,385
5824,386
5127,387
3619,388
9977,389
357,390
1552,391
727,392
6797,393
10685,394
4652,395
3544,375
652,396
1088,397
1582,398
10643,399
2942,400
5056,401
375,402
5247,403
9553,404
3680,405
8255,406
8708,407
5080,408
129,409
1773,410
1390,411
11139,412
800,413
5966,414
2115,415
993,416
3609,417
11396,418
4970,419
8299,420
6119,421
10056,52
5362,422
340,423
9131,424
8745,92
6856,425
3173,426
2093,427
6138,428
408,429
2383,430
1068,431
5169,116
10455,432
3353,433
9084,434
11773,435
152,436
10532,437
7675,438
8009,59
5915,439
4353,56
2062,440
5150,441
8156,442
11239,443
2051,444
1267,445
10962,176
6996,225
2967,446
2687,447
7974,448
7777,449
1694,160
5298,450
4992,370
3709,451
7790,452
6290,453
5436,454
1806,455
3169,456
7669,457
9256,68
4262,181
7865,458
6250,451
4025,91
136,90
5214,459
7863,460
8458,461
4993,462
1133,463
6737,464
1381,465
2983,97
7329,466
168,467
9054,468
6928,469
8699,49
223,470
2696,471
410,338
9934,472
1421,473
9283,474
5501,475
8413,356
4679,476
9322,477
10245,478
658,479
1380,480
583,481
2513,482
2643,483
2913,484
986,485
6160,486
5137,487
2728,488
3373,489
1439,94
4988,490
2298,491
1057,492
6499,493
3074,494
3454,495
2327,496
5158,74
2752,497
268,172
4842,266
6659,498
8150,499
5172,500
2531,501
7448,502
1693,503
7054,504
7648,505
6676,506
2305,507
3208,508
8368,498
3551,509
8246,510
514,511
1096,305
6338,512
2466,513
376,514
5971,515
473,34
11236,516
1431,517
2892,32
6751,441
1154,459
8012,149
5450,518
4482,519
2096,56
7902,520
5319,521
1316,522
9975,292
9621,523
4772,524
1722,431
6526,525
1748,526
6361,527
8446,528
3032,529
6135,530
12011,531
198,160
9123,532
1189,533
10663,534
2652,535
1941,536
6549,537
7973,538
8430,109
4188,539
10958,35
1489,177
6640,540
5797,541
4086,542
2227,543
2424,544
7596,137
5787,269
597,545
11592,546
3152,547
5163,548
7838,549
1315,12
3510,550
4250,551
2837,273
11277,552
924,553
2625,554
1404,555
3240,556
253,557
7239,558
4910,559
4147,367
4078,81
5135,503
7047,74
1766,560
3801,386
1324,561
8029,562
8565,563
3971,210
3141,564
4273,565
7641,564
5470,566
2342,513
4813,567
2592,568
2706,569
5393,570
6696,571
3266,572
4198,573
5052,101
1490,574
3320,42
3686,228
9845,575
1101,576
7796,577
1156,578
8356,579
167,580
8132,581
7434,582
5215,583
2850,364
5383,584
3462,585
531,586
1957,587
5219,101
4312,588
7711,589
10153,590
6944,591
2486,592
7382,593
7656,594
527,29
9486,595
1583,596
566,56
2894,597
6004,598
7081,599
2690,600
828,601
2317,32
8848,602
1945,10
10349,603
842,604
1321,605
11730,213
10317,606
9992,607
2414,608
11969,609
5933,493
4068,83
3983,610
4311,611
8515,612
10589,613
10291,614
2919,11
3362,615
3231,507
5263,589
8199,506
9156,616
2005,617
10566,618
5752,299
6665,619
10024,620
1670,299
8592,621
9402,622
747,623
2204,624
10214,625
7549,31
1247,626
8867,193
2930,91
4199,627
2563,628
6573,629
8344,630
7640,345
5008,515
6093,631
5729,632
5561,633
10343,634
1798,16
8419,501
10132,635
4702,636
8518,280
7483,1
149,391
11865,637
1261,638
4900,639
4335,38
8108,127
936,640
4397,10
2826,436
2199,172
2412,641
8121,642
5664,643
6807,644
1161,645
12118,646
8609,647
10713,264
331,340
3557,648
6386,195
5710,1
7751,649
9135,599
9310,614
7748,650
2940,651
1966,652
6834,653
6872,654
5919,655
11571,656
9339,657
1929,273
9813,658
1331,465
4499,57
9720,659
12161,660
323,661
8293,662
7755,663
8600,136
2137,664
3301,665
7371,666
5002,101
2203,32
2568,667
7658,420
398,353
2938,668
4585,243
6534,669
9618,425
5785,670
1632,671
6473,672
5205,673
2106,674
2544,675
11157,676
4403,677
11084,678
7494,583
8704,679
423,680
8648,681
580,19
8582,682
2261,683
10290,684
4609,456
5923,685
5844,450
9576,686
5426,687
7015,688
2877,689
4302,234
1973,690
402,354
3982,427
7447,33
568,691
4956,551
8423,692
2635,195
3406,201
4077,693
2310,266
1940,507
9598,694
3879,695
4750,568
4667,696
3277,32
4492,501
1252,427
6689,697
807,698
2659,699
5455,700
2917,701
4630,702
6023,703
1505,704
3921,705
4296,706
3426,101
3280,62
8618,707
11080,708
142,709
7115,710
6130,711
9744,712
8939,713
2357,714
11088,715
1503,716
7403,114
10574,717
4409,606
9105,718
2613,668
4886,299
1657,719
2078,720
8067,721
1019,375
1689,722
2901,723
1172,724
12001,443
6813,725
10502,726
644,727
3164,728
2905,729
3215,730
5368,469
1805,177
4894,731
2738,116
2267,249
8949,732
7132,274
1217,242
1481,733
7073,734
3386,735
4422,736
5946,32
372,737
4756,738
6319,739
1896,740
9567,741
4154,710
9613,742
8094,743
1742,744
4591,745
6356,746
6292,490
1485,747
10381,748
4784,303
8643,749
6,750
2498,751
6879,466
7385,752
5813,753
6997,220
9800,754
8773,755
2244,756
2451,757
7142,758
7118,588
2534,759
997,179
11635,760
9804,297
5878,673
7361,761
8082,762
3815,763
8841,764
7806,765
11012,766
6554,767
1378,32
6377,711
496,768
4514,769
5250,770
6501,771
4390,772
5879,530
4347,198
6514,773
2673,774
4559,775
4954,776
3302,777
4465,687
5618,778
7660,779
5248,780
7021,781
5765,180
3661,782
6461,783
2087,97
1651,125
5277,775
5283,297
7435,784
6959,785
6652,786
67,787
5067,788
7558,644
605,789
530,237
2617,790
1223,671
4232,791
4085,792
7172,793
11079,794
3294,795
2018,720
5802,64
6279,796
6735,797
8893,798
6236,451
2594,165
1160,509
246,799
5792,800
3329,701
5489,801
6963,802
961,186
4192,803
6464,17
11494,329
3338,222
8637,17
3151,674
7060,804
8380,128
4845,805
7383,806
5249,807
1644,633
5884,786
10882,302
6120,808
9259,809
1054,600
753,234
497,689
2037,522
8186,810
5982,811
3445,812
577,813
5667,814
696,815
7188,197
6364,816
10351,817
3595,588
8194,818
7098,819
11552,820
4748,503
8683,821
10347,124
4960,592
12008,822
8899,823
4678,76
5060,824
3509,172
2549,234
10788,825
603,826
7113,175
486,827
148,32
4599,828
6780,829
2681,830
6355,396
792,831
1797,832
6763,251
1612,833
10187,834
6939,835
517,836
7290,837
4855,838
4496,839
608,840
4176,792
2133,841
7936,842
193,494
11307,817
4752,843
39,459
7756,844
746,799
7888,845
3470,641
12120,846
2232,847
2977,572
7313,848
1550,849
5737,850
4287,206
2371,851
7362,654
3105,852
9427,853
9601,854
4185,851
6899,855
6646,856
835,729
6090,79
3819,857
8543,858
6226,859
333,860
8655,861
2442,23
6242,862
9013,863
3475,864
8628,865
4109,387
9091,315
4003,866
7788,867
8990,868
10274,869
10041,870
3219,871
5741,872
5434,873
6331,374
1559,874
6068,875
8314,653
1860,857
7618,767
9524,876
6445,877
8791,878
8759,879
3662,489
3793,633
7014,880
3184,881
5977,882
8115,883
499,144
11498,884
3371,885
4911,886
7436,710
1371,172
965,118
12115,887
9785,305
8533,888
7609,876
6875,889
7193,890
8414,891
9573,590
6755,459
476,892
7102,893
2241,894
1342,895
478,724
5998,896
1705,897
8862,898
5734,206
3004,165
74,899
2731,900
4171,901
8606,902
3950,861
4388,903
10333,904
1194,396
6687,606
9045,905
8030,906
1299,907
5808,651
2959,908
6478,1
8475,909
3744,403
3762,910
6442,911
109,397
877,727
9476,912
7584,425
6598,913
4309,914
5901,915
4130,914
11208,270
6028,916
4307,917
6225,277
1330,918
11377,919
10593,794
216,920
6910,171
4604,921
5659,922
11753,923
11127,292
9540,924
3479,165
8223,925
6169,926
5361,717
7258,927
5914,928
3446,929
2865,485
6168,930
3823,931
7017,932
4509,51
4283,175
440,276
5177,459
2259,390
1928,933
4997,934
11553,935
5272,594
8083,936
1176,937
10819,938
2525,939
1253,874
1255,465
4919,803
6373,324
872,46
9626,940
4723,941
4638,942
6979,138
9198,943
355,827
521,944
638,470
7349,945
821,946
2169,947
2165,948
7599,949
5812,7
3671,950
10726,951
48,952
7714,953
5232,954
3073,312
2284,402
5558,458
6788,424
5093,149
3257,481
4898,955
7561,956
4301,957
1735,958
1042,959
1301,305
847,514
9120,960
701,596
1333,177
2194,424
5987,166
4486,907
989,174
1575,961
2841,86
533,720
4526,962
10442,963
2786,964
6133,965
1304,485
7821,966
2290,610
10079,967
2153,604
9397,124
1591,968
8795,878
9138,224
3333,969
2709,970
4924,971
58,972
9496,718
5178,973
1318,459
8597,974
6757,975
10429,534
6215,350
3424,501
2012,398
2845,976
6483,977
4864,670
930,978
8616,979
6451,556
2471,980
5064,981
3600,982
7308,512
11544,618
6595,931
4158,196
4274,983
6188,984
1050,665
3915,985
7631,636
10194,748
4697,986
3490,697
6898,984
10200,987
6762,758
10310,602
399,34
6497,988
2337,989
602,56
4018,990
11532,991
215,509
10266,992
11116,794
4959,928
291,993
4398,970
9998,994
8519,995
11404,996
550,118
6783,997
10057,998
8839,999
2679,1000
3234,1001
4019,1002
413,735
47,1003
5013,1004
7396,1005
4927,11
5994,220
2190,163
2283,1006
8239,1007
5773,1008
6627,1009
7511,1010
2010,815
7343,707
6101,1011
1067,95
1232,605
5912,1012
3835,1013
5712,305
386,578
4304,225
1391,214
7169,1014
9595,1015
1168,1016
9806,1017
1327,767
2817,1018
4368,1018
8528,1019
8264,1020
4277,685
2189,1021
619,327
68,1022
2859,1023
10229,845
3281,1024
543,1025
3804,1026
11862,1027
11952,1028
6611,604
3092,1029
3171,1030
2001,907
1107,1031
6567,589
3162,1001
1567,704
4145,446
7942,1032
2955,738
3230,1013
4557,1033
3028,1034
7312,1035
9106,712
1241,266
685,1036
92,1037
8796,1038
370,1039
3011,944
2975,1040
6354,875
10676,233
906,557
9685,647
3145,830
1325,1041
3084,57
1207,16
2781,1042
679,1043
3403,1044
3059,1045
7461,225
4401,1046
2100,1047
1069,1048
9725,1049
2046,543
7792,1050
4016,1051
5352,1052
2178,1053
5036,1054
1406,1055
6460,749
4341,1056
2720,759
3303,1057
5596,387
2217,1058
9214,1059
9872,1060
2462,881
5657,422
967,959
2092,583
10457,565
10552,1061
4001,1062
6274,784
6301,1063
861,1064
30,1065
7905,305
5829,32
6714,1066
2340,1067
9042,17
4012,162
1974,1068
6857,1069
1170,881
7185,1070
3635,415
11885,531
358,1071
5323,1072
4551,1073
7503,393
2088,733
1545,1
5535,1074
9246,1075
8133,563
184,1076
1079,680
4525,1077
2469,1078
2521,211
9651,141
2622,1079
6994,1080
2373,16
739,1081
6403,1082
10488,1083
3519,1084
7855,1085
1119,1086
3577,129
1220,758
6897,1087
2370,165
9225,653
4673,1088
5204,1089
5967,1090
7623,1091
3056,240
5547,861
10769,1092
6229,818
11400,1093
1203,1094
1456,1095
9290,1020
1452,222
9435,1096
4802,555
4437,1097
888,2
5348,1098
2260,1099
6919,191
4448,1100
2793,1101
3483,1102
7135,865
4876,1103
3408,1104
401,1105
7018,916
5317,796
8619,420
5256,293
4765,1106
948,892
2235,1107
757,640
892,263
8077,758
5872,82
2777,94
5398,1108
2561,574
5704,1109
7216,1110
1235,299
827,704
4930,1111
10440,140
1486,1112
5988,1113
11132,126
7183,1114
4648,1115
2548,617
7560,1116
2993,1117
11972,39
8727,83
9989,1118
4552,805
9129,1119
1296,177
9219,283
3978,395
8161,1120
4170,757
1108,727
4328,1121
740,194
6600,11
1653,266
1707,284
3928,195
186,574
6050,250
5903,1122
6795,1123
3996,572
12084,1027
1307,1124
589,248
7128,1125
2144,1
6726,1126
2495,209
7481,1127
547,1128
78,601
11673,938
7899,639
6037,1129
6269,257
3488,1130
4061,597
4442,562
8945,131
3183,1107
1424,716
213,1131
3846,1132
3348,1133
7205,863
7064,1134
3226,1135
975,116
3553,1136
1178,1137
11446,39
6201,582
2448,1138
8775,1139
9173,432
8500,1072
8477,1140
7895,1032
8073,942
6140,824
2840,933
4421,1141
8659,1142
4428,1143
5935,1144
7723,1145
7879,810
3785,1146
2233,1147
4740,1148
4279,901
2334,60
257,444
6177,730
8181,1149
9654,1150
7908,1151
8569,1152
3955,562
3556,53
3432,973
2229,258
7734,1153
185,1154
7729,1155
6806,1156
12056,1157
2264,80
1919,88
324,1128
4168,805
3732,1158
211,1159
10484,137
3948,1160
6046,630
2528,428
5732,673
396,1161
9418,1162
4768,1163
4064,752
8064,1139
8625,1164
6720,1165
6820,960
6717,917
3066,1042
354,1166
11300,1167
1920,130
8249,528
5620,260
11870,1168
6164,1169
11521,1170
5514,71
5902,730
2699,485
7896,1171
1279,32
9206,1172
662,1173
1696,423
4543,1174
11990,1175
3952,1176
6575,1177
1825,475
6100,234
4091,639
9913,124
4104,1072
6368,1023
4160,1178
7400,1122
5532,256
6655,1179
3878,683
4578,1180
735,1181
1055,758
9097,1182
9328,344
7315,251
2719,1183
9434,1015
5138,1184
1122,56
8850,1185
7257,285
4524,1186
11760,609
7004,1187
3606,1188
6198,1189
7156,1190
3212,1191
9015,1192
5146,1193
3396,1194
3022,1195
1403,665
6571,158
8411,117
2772,300
66,836
7324,198
2981,638
3161,172
7248,1196
6782,1073
2970,76
7919,1197
3679,1198
2815,16
9615,1199
5615,1200
7009,385
1846,759
9707,460
3247,1132
11647,1201
8517,1202
4042,633
3072,1203
2896,122
3126,359
9428,1204
5281,1205
5758,721
8205,1110
10953,355
1258,576
3118,1206
7069,336
436,350
4090,1108
1095,668
2111,1207
1788,1208
10053,1209
3852,859
219,161
711,1210
1441,206
2415,482
4351,562
51,1065
8716,1211
7583,309
10247,994
1776,1212
7359,809
9353,1213
1200,1012
3466,651
11554,1214
10363,325
10375,1215
2682,1216
4670,196
2606,1217
3903,463
720,1218
11872,1219
2655,1160
3447,428
10804,1220
3715,558
4097,624
31,348
1363,735
7509,527
6701,1147
3528,1221
3428,1222
4426,234
7281,1223
2834,473
2270,396
9856,898
11608,1224
6362,1225
2939,1226
2108,388
1551,103
4208,1227
2113,553
7090,1228
3911,1229
9441,363
3964,1230
5142,1231
10705,1232
3563,1233
472,146
8000,1234
2828,1235
1739,1236
1740,1237
976,1238
6574,331
5825,744
4820,709
8853,898
4275,1239
10262,113
8702,577
2122,433
1275,1
11221,1240
5544,1241
8168,1242
1083,111
805,545
6468,1243
1091,101
2477,489
6547,360
879,365
1875,1244
3398,1206
8111,1245
7791,1246
4629,1247
4487,1003
7303,1248
4134,1249
8140,1250
3734,1251
6304,320
1609,815
1111,215
8576,1252
290,80
1577,103
5519,548
3598,432
5494,1253
3204,922
3076,1254
10023,1255
3764,1026
9394,1252
44,860
2998,342
4343,855
7171,773
2134,1254
9044,717
3629,424
2639,1256
6197,1257
6847,395
298,1043
9021,93
5098,1113
7150,292
2433,208
3625,1258
4243,64
795,704
5196,1259
2465,1260
5271,1261
2979,324
139,258
7089,877
8864,1192
8131,420
5670,393
6146,212
4028,1262
918,1263
3986,167
2968,922
2691,444
8633,1264
5468,286
5077,1265
2432,495
7184,1266
7555,1267
8054,812
7408,290
3601,1268
8756,1269
1302,1105
2889,357
9674,694
1869,397
3388,1270
4138,1144
8442,1180
5867,1108
8096,983
6853,1271
1177,1272
217,1273
9892,717
8774,1274
8282,1275
9014,1276
7105,1277
1276,401
7459,1278
487,209
996,560
549,311
6716,1279
356,196
342,343
2269,1280
6043,256
6219,182
8987,1281
9854,602
7798,1282
5517,851
4217,1268
4646,649
2634,1283
5788,1284
6194,709
8615,1091
7710,1285
2285,542
7600,1286
10514,1287
2077,1288
8498,707
10525,1289
9980,1290
3088,1101
1661,1291
8028,1292
1475,1293
9151,1119
8575,1294
3196,826
2795,740
5870,1295
10598,1296
5086,912
4669,1163
6684,314
4659,1230
10289,1297
11190,1298
1102,881
5394,1221
2403,80
5540,948
5009,1299
9244,115
3372,841
7397,432
5525,346
4493,1300
10136,1301
9230,1302
8900,1303
4474,1304
2969,340
6211,1305
6688,579
5857,1130
1358,403
8703,283
834,1244
3935,1306
2875,1307
7924,1308
7052,1309
1526,334
4528,1310
3799,1217
9005,1311
6945,1312
8277,1234
7759,1313
11942,75
3981,1314
832,1273
699,1212
868,1315
4020,1316
6950,1317
6176,1318
9922,124
11302,1319
9050,1209
766,196
4181,778
7827,1320
8632,1202
1429,1095
2816,1321
8909,442
180,1322
7967,1323
6059,97
1113,211
3020,456
6956,1324
3833,1325
2242,1326
4146,579
7269,1264
8043,1327
2852,125
4056,1328
7032,1329
7851,1330
2632,281
7915,225
6151,99
5004,833
864,1322
4562,1331
7750,1332
6570,1313
1889,944
1980,626
4113,926
2245,447
4527,1333
5103,198
2684,210
6481,257
1692,1334
9164,1335
2874,1315
8144,1336
9822,1337
6728,1262
4862,266
3285,403
3086,250
7898,222
1621,1102
6943,476
6922,1338
4710,41
9846,1330
278,1181
1104,1339
2814,60
5796,1340
1058,2
1767,605
7124,1341
7612,400
11025,1342
3805,340
545,1343
11718,1344
8869,1345
2514,80
7320,453
12126,1289
1587,674
6145,703
4901,1346
1089,695
10205,1347
10555,55
5332,1348
1463,1238
3539,210
276,1349
3376,1350
3716,1351
8818,1352
7514,1353
5240,433
2992,1354
3339,362
6072,432
5480,1355
8764,1356
4566,1357
9990,1358
6892,1359
9517,1360
742,350
6070,47
4815,1225
2273,1361
1671,511
3644,611
7758,1362
9403,1363
7652,1364
6509,1365
3385,1366
10480,1367
7352,1340
9584,1368
8662,1369
5798,1370
1462,1371
6793,1372
2411,861
2952,1058
4197,1373
1589,1
1169,894
3646,398
10133,389
6116,36
10178,1374
5672,1375
3883,1376
10780,404
2608,689
3768,948
10519,1377
6924,1378
4753,1379
3814,1380
3315,1381
1382,1382
6420,677
8301,1383
6938,593
7272,744
9315,1384
4812,1385
10717,1386
9886,963
7038,487
119,1387
4264,1251
4824,732
10227,1388
2107,1387
259,1389
7432,1390
8392,1391
3906,1270
733,1392
55,1393
5435,1394
5437,1378
7953,1395
9686,1290
265,744
5776,1396
1578,86
461,1397
6200,1398
8572,1113
8448,252
155,972
2330,733
2067,470
541,1399
6303,408
5050,327
6109,915
7891,1231
2552,721
11371,44
5717,981
10918,1400
6792,891
7149,1401
6742,971
56,972
4565,461
1470,467
612,1322
1892,1057
5687,603
11508,987
4639,196
5186,393
2564,1402
10281,579
4150,374
1669,728
7231,630
492,19
415,396
516,1403
11130,1404
9898,1225
1145,626
483,1173
10264,771
7420,1405
8066,979
5288,180
4457,1406
11849,1093
5969,297
7774,1407
900,652
8400,1213
3807,695
3841,1226
8163,1408
7617,322
8169,772
1757,735
9805,967
4352,16
6259,1409
1611,493
2038,1410
4973,567
3133,1411
10518,1412
200,1413
7654,1414
4052,628
6280,1029
3500,1415
731,422
10725,1416
1060,1417
8322,1132
4230,649
2064,1117
8212,1395
4965,675
3886,1385
5190,700
3608,983
4066,1235
3263,1418
6202,746
3352,1419
5136,1230
6008,97
4425,1174
3139,701
2356,208
1465,1420
5087,1114
3848,1421
5897,1422
7297,442
4106,285
2805,536
3009,701
10919,1423
11346,1424
3149,852
8234,1370
1590,1041
5740,158
11874,1425
5107,402
5757,530
7882,1426
10491,1427
6666,880
9878,1428
5795,487
1529,215
2988,1429
4986,469
8387,305
2778,346
6324,1430
1747,122
3495,1431
1972,1432
3787,1003
8117,505
6581,1261
4727,97
6027,1433
11584,1434
2951,1372
6036,1435
6380,225
5370,1068
1448,1399
6332,1436
3364,208
3939,1437
5351,83
10992,1438
5569,866
5607,61
8544,1439
6631,844
9834,1440
3678,16
1243,852
5467,1441
3790,1442
1367,161
535,536
3482,564
1999,1443
5961,1444
2616,1300
3422,444
5643,598
3507,1445
3098,354
9956,1446
4649,811
5040,1447
1053,11
2848,1448
1882,1449
7028,132
1289,1450
2909,1451
973,1124
2390,664
968,1452
10556,1453
5910,1454
2744,1455
8360,442
7144,1189
2637,110
7508,1456
6505,487
1080,459
1434,1
2995,1457
6406,882
10607,1368
5665,835
3031,1361
7348,1085
5282,1458
2175,1402
6821,261
896,1459
6621,1460
8206,1394
5211,1461
5775,64
10721,1462
5187,1327
581,31
1010,1382
7289,1463
9375,1464
8828,1465
9494,1466
2208,1406
9818,938
2511,136
1738,409
5701,866
621,1467
7335,977
7741,681
4912,1468
1728,894
3235,547
2222,1469
8766,616
7345,801
4548,1470
8793,1010
2662,1471
4049,1088
1419,560
4865,222
7196,109
32,1159
5862,571
2750,1472
3465,1473
7975,47
4395,1380
6185,530
817,553
1167,1474
10802,1465
2375,1475
6042,272
3057,267
1278,1112
2187,1459
10896,1476
2473,88
3728,1477
3613,31
1537,1478
4142,1125
718,1055
6387,1460
4743,772
3192,1479
844,284
9940,1480
4793,1481
9450,1482
1784,813
3788,859
1143,392
7664,1483
7875,752
10504,1484
4536,1485
3114,1442
4252,792
4372,1486
8247,1487
6852,1278
3708,1149
3842,1488
814,931
3778,1489
8128,1490
10914,1491
2703,1492
3430,1493
2838,1494
7602,730
3944,1495
8178,896
214,1496
2991,1497
4634,1498
846,1499
158,328
3931,850
7532,551
3284,1500
6663,1501
9730,1502
5849,1503
3102,818
1015,586
5783,801
2710,91
4685,149
7189,1235
2489,1504
3953,929
4116,649
1254,353
9365,1192
10621,1215
2226,439
10383,1505
5490,501
5081,793
542,1433
7475,1379
6694,1281
3134,1506
3838,196
2820,961
1725,1507
4434,857
5542,651
2456,1449
4027,643
3093,339
7853,1508
2717,651
330,413
1262,1291
779,1509
5238,1375
4984,727
6941,1510
2034,1511
9404,1512
3887,1513
3663,1514
1803,1025
11656,1515
11163,963
7130,994
3847,976
397,1236
2358,965
2437,894
9410,1516
6809,880
6738,713
5349,1517
173,1518
6016,1519
7642,1324
8147,1405
7395,1520
312,1047
8878,1035
5166,1448
3853,1521
1064,73
7760,1522
11570,1523
6841,1353
5336,1269
10189,1182
3270,334
3060,1277
6779,1524
1986,1525
1329,1526
824,1527
5037,1528
2089,1481
1063,1493
578,60
515,1105
2647,1529
8808,674
2853,1310
3777,260
8567,741
2022,383
5587,875
7691,30
7039,835
2628,993
8053,345
1400,177
11535,1530
5603,1531
9979,1253
6047,1532
10315,1533
140,1043
71,1012
6372,182
8233,581
956,1534
2803,667
5909,835
9217,1490
1546,163
820,758
3049,1531
3014,245
5599,1241
7158,525
7304,1535
8889,193
11052,14
4595,198
2348,186
4412,58
359,1037
6778,819
1425,1536
10049,1537
9768,1538
3640,567
2117,1539
2388,1411
803,1432
8747,1379
7802,821
10410,1540
2741,727
4479,1129
7845,876
3699,1541
5541,1197
7063,1542
653,1273
1340,638
2141,514
7780,1543
7074,185
1954,1544
586,1545
442,722
1335,751
4563,1233
4213,1546
5609,312
11834,377
8884,1547
8772,1548
5374,606
2929,1549
4605,1550
495,172
3214,855
3756,1551
8324,922
5269,767
9181,231
10928,1515
2813,159
5528,1552
2823,1047
2281,199
4921,209
6227,781
4826,1553
5624,593
2033,471
11797,817
8536,1554
2251,343
3724,11
5090,1555
3067,562
3533,129
6768,699
9172,1556
10860,1557
8007,1558
912,1559
4713,421
7050,1369
737,88
4035,587
1906,1316
3585,1560
6342,1250
9772,1142
8982,1561
385,788
890,180
2974,56
11588,1530
4689,1008
3325,1498
1460,481
3328,744
11489,1562
174,1563
5801,1455
1918,1217
7829,282
5793,1564
6156,1565
2409,247
3305,569
1334,343
2312,1566
4544,1012
8508,1383
459,151
9471,1567
6111,1262
2322,8
4065,188
10834,1568
3856,1312
2329,1569
7049,837
3051,729
5777,915
4370,293
3624,1570
2081,162
10467,595
3558,121
1488,1571
3229,886
2742,148
5233,1309
4083,106
5068,740
4717,1572
574,1573
466,1469
1996,409
10270,1427
10219,565
5287,1108
9954,1440
6492,912
4320,1379
6708,257
5681,906
9227,1574
9153,22
11433,1575
5044,818
10168,216
4699,366
8736,1576
4672,151
6189,177
4348,69
12155,1201
8610,1577
6266,1578
102,1579
1858,1580
3189,441
3449,1058
1635,482
2770,543
6165,1581
2908,1582
1034,1583
2202,596
8718,655
201,214
7066,1150
6794,1584
787,691
5605,1585
82,892
7488,1330
2307,293
6077,1586
955,1587
646,831
6048,702
1691,73
208,1588
2870,1589
8580,22
2380,405
8631,1009
10323,1590
4909,818
5003,829
9986,1591
4498,1572
5610,1320
6978,1077
4681,672
1097,1101
6620,498
2931,1147
2784,1592
3962,361
2016,791
3949,1070
4480,1593
10061,1276
6017,844
5756,802
6559,1594
1931,16
9330,1595
5853,1249
9591,1596
1432,475
1836,209
1585,388
7820,734
1308,1263
9149,995
10629,1597
6917,1080
687,1236
2604,1598
4490,285
1866,990
7055,769
2127,227
8260,1329
5432,475
455,174
8879,1599
5237,1600
343,1518
4203,1029
4561,931
1231,54
6143,1601
7023,1441
10265,1602
818,332
3471,1603
3311,1604
1297,840
10047,532
9938,264
1256,596
4817,591
10223,1605
11170,124
3250,1606
1454,580
947,900
7439,1607
1351,116
5770,1
6443,1271
10169,1608
9468,1225
7633,1609
938,1610
6210,1611
8730,1502
11057,625
1948,1612
3063,1474
8010,1415
3713,392
522,1613
2361,1614
10088,1225
6753,1615
4040,247
3423,1108
8112,204
1960,428
7351,1616
4495,633
3318,756
2166,690
2439,326
7365,877
7030,1281
1829,1617
1248,1618
8918,394
5012,226
3526,1354
5761,116
3796,1619
10866,1337
3813,894
6249,710
1442,1117
2464,561
3637,456
7832,457
3628,1431
7603,1369
9536,1620
9439,124
7097,1621
8154,1622
777,640
4823,63
1752,881
4799,1056
4651,564
8139,1623
1871,1283
2223,1012
9649,1232
5276,168
5837,1624
3021,210
6007,543
5762,519
7402,956
3409,1625
10470,1597
2021,103
5565,1351
1227,1626
3125,1086
10258,1627
7059,561
4472,1628
4574,1299
7926,1629
8972,1335
3748,259
6450,1630
7016,1366
4220,762
4624,1489
3998,1631
9530,1627
2300,497
3236,1632
4880,1633
4596,1421
3026,80
197,866
7849,869
3518,214
7885,971
2158,182
4808,487
7466,1634
6636,15
6517,112
9960,1301
7141,295
11724,822
8880,1623
3035,605
7721,743
2268,1104
1926,744
6504,1635
4816,1525
3168,340
3054,1229
6240,1636
2438,1354
5131,663
7835,745
2943,321
595,1496
1809,118
5221,619
7992,780
1925,1637
1744,1560
10672,1638
8437,821
1783,717
4746,1639
8520,1211
4650,510
7450,1318
6336,1640
789,1
9077,177
981,46
1992,1641
1967,1569
761,866
393,1016
5686,1133
3651,1451
2806,1642
1033,1643
4303,360
10988,1644
7498,1645
9358,904
9144,1050
3582,989
1323,332
778,1646
8732,706
4703,1647
11879,213
70,1534
6178,1648
4290,191
8798,1649
4416,1650
2332,903
3605,1651
2157,308
8151,659
4450,547
5534,610
5817,340
6103,1652
10390,1653
6317,1654
3652,1279
2677,1655
1215,116
9955,657
3506,282
10871,1290
3839,177
905,1403
3355,234
9696,806
8227,1656
4115,833
7706,222
3718,758
4890,83
6096,1104
1816,103
6885,1398
11104,634
4620,475
683,330
2484,1657
9192,1480
1436,672
10715,1092
153,1658
1709,112
10902,678
165,1161
6798,1639
6246,266
3717,1659
1129,1472
2956,1660
6457,416
3017,312
7099,1307
2512,1265
6503,1661
5628,1662
4177,717
3667,1364
693,266
177,1663
3592,1158
8409,1664
3319,1659
37,215
10947,233
4381,295
8524,1233
6328,1665
8207,1050
11637,1157
7688,998
3194,1492
4229,86
2030,18
8433,93
7318,1666
5262,1667
6104,192
7133,182
7220,883
2296,761
1907,557
8894,718
3922,334
8290,378
4022,1243
1576,427
1571,1668
2000,174
4834,1669
4760,915
5341,18
5713,1395
1521,1670
3486,403
7626,1330
10007,1255
50,661
9437,1671
2949,327
7621,1634
1444,968
7958,1294
4389,1441
9636,1484
3972,922
46,709
8402,1672
437,34
1946,1121
2079,1587
5960,1673
1098,1674
7844,1500
10412,1597
10424,620
540,339
8022,593
4305,961
5116,709
4715,1675
6055,931
2463,496
4603,1455
1554,611
6248,1007
4917,234
6749,1676
7499,692
10154,564
9420,1677
9337,1155
11845,1678
2263,1047
2726,1679
9665,1525
9158,632
7392,1456
6307,669
11177,1591
8511,331
7094,801
11904,887
4483,172
2126,222
6644,151
9101,1090
3580,1680
7535,941
2136,1681
7190,72
2934,1195
2418,861
11283,1682
6216,459
10235,307
3650,459
3178,1343
5504,1419
6493,939
2397,1589
10256,834
1313,623
1474,1117
1081,1471
767,1137
3575,343
6107,1683
878,1684
3995,1685
5975,451
4424,970
2324,1350
969,950
2539,1686
5790,1687
8213,1542
5041,518
1011,46
1343,1633
5167,433
2791,31
9393,994
9155,1468
782,1451
7814,1665
5483,1688
1792,1025
1110,885
697,431
5641,424
1538,1681
6818,1689
1641,691
3675,962
1850,1690
5621,1130
5581,1691
4830,1692
2547,1310
4139,1693
11792,1694
5274,1695
7686,1696
4382,163
1828,167
10431,1170
904,46
12086,820
11379,1083
1410,485
866,237
11895,923
7960,966
7948,1697
10497,1533
3359,1524
9742,1426
1650,918
2524,727
11507,1698
7217,193
2131,730
6033,786
143,90
4009,922
75,1012
7950,1060
10014,1699
6106,1355
2708,1700
1608,1701
1736,1315
6467,319
6034,297
4029,67
4267,1385
7493,1009
8706,1595
7571,1601
6247,1581
5217,58
10260,1644
4770,1664
729,1349
6521,988
582,455
8466,297
5314,593
3244,314
2161,277
1877,1702
2192,300
6222,265
7326,1703
7399,540
6190,1463
1517,258
9885,1704
6305,222
11859,1705
8946,1139
2393,737
8786,1352
707,1706
1557,661
2631,436
4379,855
9111,1707
10856,760
8292,1165
11545,1708
3706,611
417,146
159,1161
3012,1324
2867,1709
669,13
10944,1605
2070,19
8890,1710
10129,107
4108,1129
4878,589
242,836
2128,1415
1171,1701
8829,1711
3248,382
8636,1712
11342,1713
6921,282
11341,1404
5310,1714
2191,383
10964,684
6925,530
5291,1715
319,1716
1277,758
1479,782
1914,430
9999,1347
1317,180
3221,1717
5460,293
4622,776
1532,415
292,720
256,699
6918,1718
6074,1719
8469,974
6854,1720
9745,682
446,1154
1666,1721
8401,462
11567,335
553,539
254,1101
4936,1254
8944,297
2252,1701
1716,587
489,1722
819,638
8040,1616
6214,1723
5447,180
7520,448
1285,1693
3384,1136
7900,277
40,1159
7586,1724
2898,293
9299,241
6271,1725
9171,1726
709,215
4758,320
2065,1154
6602,323
7794,156
7024,1247
9039,25
1727,1504
9799,1727
2610,255
9038,694
255,1728
9088,739
1311,689
3048,514
3111,1406
4556,214
4133,1044
9782,621
7242,170
5231,1729
4587,1437
1038,1024
7177,1730
5586,226
8781,229
8011,1731
3802,93
6391,177
8993,915
4744,654
2376,608
3984,1732
10393,1672
11877,84
9608,87
3543,978
1944,1023
6052,927
8940,1733
7940,1734
6867,1441
9043,1735
4466,63
9735,1540
8744,872
9020,119
8175,1329
10948,656
65,1511
4787,1503
9317,1736
11288,1491
5201,393
9802,713
4929,1737
8352,1005
2611,543
11251,1738
3069,946
5010,1226
6015,210
5227,17
3999,423
9504,1739
2155,340
5377,861
7809,940
3158,80
10030,1740
5655,1741
2808,327
7153,1308
2912,56
9884,1742
3674,1494
8976,1743
564,1236
1389,174
8555,1744
11440,155
2487,1745
7544,1746
4589,487
4051,226
3071,1566
885,1478
6465,1747
10002,1748
3942,934
6998,1401
3958,1336
4538,1686
8002,1629
12129,1749
504,885
10096,1750
6300,1312
8635,1751
10961,1698
1685,1043
1184,492
2715,1263
7442,1752
4225,1107
1394,768
5551,376
9582,1703
9161,1710
2518,1619
5584,866
10884,715
10051,1753
633,861
8842,842
6582,1754
419,972
3317,1326
5953,571
5650,1755
1402,693
3570,450
104,1588
8171,1464
525,1496
8334,164
5682,292
8366,1724
279,1031
6754,1710
4512,1756
1818,1757
3120,1014
2258,1131
239,1758
5661,1759
9645,1441
10016,1760
8482,973
1201,369
11041,1761
9469,712
6699,505
4838,63
8861,1697
4859,83
6187,1072
4043,530
5111,161
94,1721
10044,1762
6840,278
3378,514
4411,1016
5530,501
1675,153
4991,717
8481,1763
6230,1764
5193,304
2028,627
4346,573
6969,1765
390,50
6895,1241
77,860
2200,260
4983,1766
5492,761
9011,1611
3375,1594
1721,16
7350,1558
10188,1767
3752,1254
2198,1080
8189,1768
4635,388
4981,374
1048,1769
7384,876
641,16
10374,1620
3124,1770
3418,400
3812,557
5063,551
3593,1771
2562,1772
5990,824
2570,383
8844,72
300,180
6439,1773
7786,217
2818,158
5993,1519
11663,646
4704,1449
1558,1774
2707,172
360,827
10252,149
4224,341
96,1618
2023,619
8337,1611
8574,1554
1959,576
664,358
11398,1028
10920,1274
4613,925
1469,180
2866,685
5242,727
1472,665
8977,1253
5379,915
6855,1775
3897,790
2025,1668
3938,181
8701,1776
7070,598
1755,433
4950,969
3027,1169
843,396
5735,1651
4714,32
1035,56
8135,844
4101,1777
4446,323
8479,475
7601,1052
634,2
5356,571
1801,1097
10021,1215
3297,1628
2581,208
10309,748
2505,1467
5234,94
7567,225
2507,900
4354,26
9026,331
8215,1778
4576,438
8627,1779
6123,162
6285,589
4914,1408
127,1618
617,1780
4464,1781
10162,1782
1870,1105
11257,1438
480,236
293,1025
10586,1783
5479,1544
8346,434
5382,1390
9732,1784
6057,1778
6743,610
4006,1592
1618,1479
5749,856
3806,526
4570,1785
4767,588
6239,1786
6826,1772
2735,1260
5703,1787
2459,439
5951,196
8190,1788
7892,1789
3480,1488
6927,1279
7516,1720
2029,950
6344,154
2452,253
3542,1369
431,173
1384,1790
6641,1791
964,1094
10209,613
3794,172
851,881
9796,1792
5304,500
7330,549
8693,1187
9599,1103
11713,575
2888,1793
1962,1790
2763,1006
1135,1573
8968,606
6987,681
425,1617
1493,1354
1943,300
10765,325
8953,1120
1283,1238
5007,550
3584,1336
2881,1794
2313,86
5275,838
9266,1792
7214,1795
3614,1771
5210,1180
10973,1796
3776,64
4478,1263
7644,1797
4549,1798
5861,1799
7266,1330
7801,943
941,1800
1148,214
7954,1547
5880,730
8069,878
10453,239
9465,1275
6435,1328
7148,1455
6937,1621
7505,1801
3156,917
5429,1802
10334,1803
57,1293
7454,224
10243,1804
7155,924
3391,521
2069,1473
960,1047
1162,1805
1796,501
11101,1762
9023,217
7803,1806
949,1529
501,1047
7576,1066
7227,862
3966,1146
10969,637
3659,1790
6833,1606
6569,349
3450,1612
10249,1118
4155,932
2550,1807
4080,832
1814,1808
11776,1446
6367,858
8180,523
8443,581
4183,1585
6506,785
2364,1280
1760,495
1014,1315
1141,1809
9269,765
73,1810
7981,1811
684,553
6405,102
11424,1705
4868,1812
10741,1049
8468,754
3206,1229
6125,1178
6528,1813
1094,56
7427,1664
2454,1392
271,1598
9942,1342
8231,460
6844,1814
776,1230
4136,530
9305,911
5938,304
1198,539
1902,1
8554,72
6902,1815
2665,165
5265,449
1222,568
3228,34
10927,1596
4497,1200
5179,1089
103,1376
6340,582
3395,1506
384,1816
4329,1346
3873,1108
5358,198
831,332
6831,1048
6415,227
1155,1526
2249,1417
9424,1356
6260,880
1733,371
3350,445
3437,455
6426,583
1648,789
4239,1190
3791,1817
4690,624
3182,1166
3243,1818
450,1137
5719,1541
5840,1794
5493,1802
6268,1661
8195,1365
3335,1130
3578,1212
4384,669
2295,730
3274,895
12073,306
3917,109
9944,1344
7932,786
1686,564
3742,240
10104,1819
7911,1820
9987,1821
6869,1311
1020,172
2985,1176
2027,866
1737,1579
287,398
7643,229
4607,1651
6337,1822
585,218
11589,123
2254,1823
3128,585
10740,1824
1115,353
2499,1737
5644,449
10775,658
7181,1335
4119,770
5968,220
5964,459
2916,1825
3783,372
7106,1196
3497,769
428,354
5054,1826
8667,170
9577,679
3496,1357
5154,1827
5554,1150
11050,1713
3366,1828
10667,1784
2132,611
3415,714
325,1829
8584,938
2399,1067
2372,1830
10286,1831
6777,1832
1494,334
6706,642
5322,1833
2829,553
5908,1771
329,1058
10700,713
2195,1659
5904,1833
3421,1308
3293,64
6212,583
2055,195
7850,1130
4236,1233
8318,1834
9455,1835
5035,1277
1723,342
7167,1704
10494,1783
1978,529
1414,768
9751,1836
2219,299
6907,1837
5015,188
4374,1838
6454,227
584,1203
5497,1839
493,950
9436,142
6816,266
5656,1815
10755,1840
4675,1639
10817,1841
7921,999
4386,183
1684,795
11250,418
9881,1367
6446,186
5097,1842
10588,1843
10447,399
511,396
4844,597
8684,505
3929,1246
3977,490
1499,328
9100,1815
758,950
6170,1391
3668,1580
1922,186
9218,926
4807,1391
6470,124
8954,1707
9704,1423
5941,629
10995,1844
6213,1845
4331,1
1547,240
4024,1235
7095,570
2172,405
2811,1108
8608,1846
8143,231
314,1816
7925,474
1734,240
4683,289
655,1847
3282,215
9307,1848
668,866
6951,285
667,1849
3289,717
8379,1850
5168,1851
4315,548
7870,883
3457,163
4742,1818
8784,818
9074,185
2209,564
7322,1510
506,1024
4520,1023
10571,1852
2591,1016
2602,1610
8416,1556
2924,1853
848,118
1022,1854
5723,1855
9706,798
7428,1856
3775,253
2013,1475
10054,825
10296,1708
11017,1653
4013,1857
6102,1619
4766,419
2196,1
3099,1316
11006,1491
1024,258
6543,1384
6886,1075
1699,1858
811,111
5245,381
5625,163
3272,1658
1743,1777
5613,297
6860,1859
3792,78
9478,1623
1820,1004
2760,362
4240,299
9698,1860
4879,710
196,1003
2879,1421
648,1381
2129,483
6117,1861
4196,336
1366,1573
8455,1862
10880,732
1071,866
85,1863
4254,1864
7166,1865
1385,3
508,1613
3566,1114
7694,866
5663,1113
9538,1860
10444,1453
5668,296
3438,986
10036,1821
916,56
7864,406
3960,38
6802,1866
1230,1493
5331,1486
443,931
2255,1030
6913,1867
4387,420
1724,543
5421,839
2343,1868
1777,433
146,560
11385,748
10808,1575
6011,561
3755,234
2475,1340
3666,493
3167,1772
2700,343
5066,1227
10284,1869
7996,1870
10149,437
3190,1113
5806,1558
592,397
3615,514
884,1769
5094,584
8765,1859
6031,1871
11743,1061
6480,582
5598,1687
1233,723
9701,771
9586,233
3016,1872
7703,1783
9094,1743
467,640
8598,1873
2779,6
1451,211
2654,1071
3894,98
6626,232
10581,1874
5259,1335
6121,1196
4300,159
11634,660
5171,1302
4284,814
8216,909
8785,1676
2328,1100
2843,733
3753,1077
6081,135
649,1389
4804,605
5986,501
6171,1113
7699,1875
1362,1790
4135,1798
7649,1378
6587,816
6494,1876
4600,1790
1216,1877
4918,1282
488,32
10922,1878
1480,1847
3155,720
4888,1129
1880,1494
6335,407
10080,1879
11686,1880
2282,1881
1951,1222
6719,1719
8992,1882
1640,931
9624,1836
8473,317
4132,739
11294,1824
6360,1833
1923,1373
11955,1883
5184,54
5053,1047
332,1105
5488,932
6940,1541
7440,47
8081,1388
2256,1884
286,1272
7123,1885
8955,378
9109,845
10102,676
7046,1172
4692,242
8145,926
859,744
5871,424
4440,710
6018,915
34,768
3991,1641
8871,1192
245,640
9887,607
7482,1886
8250,1512
2154,271
7607,559
2753,1034
1041,172
5225,1203
10758,1602
383,177
11721,1887
9836,1699
7638,1185
11455,1142
1415,346
3882,1888
2278,56
911,1105
6583,520
1245,852
5800,1889
8049,1150
9918,1890
2488,1467
1026,511
4438,707
1357,1780
2104,560
4625,1891
1835,433
6378,488
4502,727
1979,1892
7717,1171
5992,1893
7274,1731
10835,1796
2220,89
3726,1411
7363,1864
3336,1894
5626,161
7101,685
9458,1874
2387,1818
5069,1016
9359,305
1152,1198
6404,666
6601,530
6500,1801
8059,1622
4623,81
1411,1000
138,73
1750,959
12088,1175
11247,1895
7784,1292
3367,989
6369,913
1807,152
3828,352
1602,747
7229,280
12053,552
12060,124
1361,1896
11301,1287
1408,427
8802,1590
1018,1897
9027,1898
4451,947
6511,423
1647,105
2629,1265
1628,334
5963,624
10419,1899
6019,1900
1066,365
1984,1580
4100,569
3912,1901
4806,1371
8042,1338
258,735
2326,950
1965,1847
10086,412
1105,1071
8141,1902
7117,1718
7444,1606
5759,847
1163,211
1125,31
8270,1609
7869,1903
7728,1820
10109,817
4643,1052
7336,499
5188,1581
2379,396
7037,744
4627,1079
5458,1904
2957,187
9838,1748
4057,604
3690,610
9623,1844
1950,1433
6900,1737
1676,1154
7671,763
7282,1682
7647,1615
10934,472
5921,1074
2609,1905
4952,422
7684,1815
4636,1906
6866,566
4407,1521
8182,1839
10513,1168
1116,691
2743,675
7768,1907
2400,1679
5991,989
3444,1900
7288,1736
6054,116
7842,1908
1314,1043
5363,1632
3743,167
10714,68
2048,596
1698,482
7593,1909
470,1910
6127,1309
479,402
2680,982
7500,1090
2040,157
1745,1911
6654,1912
315,1101
6604,1600
5397,1690
5106,1913
2276,1237
1898,482
345,1914
5627,866
5614,1016
10371,1416
2405,709
7107,1068
512,1643
9693,551
2964,1016
4152,1915
5006,1372
3347,1033
218,1131
7311,792
680,334
6563,985
3638,92
1072,698
8672,612
678,1800
692,492
5337,1866
8251,1019
8088,1869
4172,605
3641,1057
11230,1879
8562,956
3491,1210
9334,132
7401,1312
6709,1077
6736,1285
9870,1733
590,1402
5965,400
2822,1858
8834,1345
5983,803
8492,1916
3245,125
6675,62
10361,1424
10524,1917
2542,1818
5024,1145
171,398
3780,1217
5753,584
5863,486
1157,1829
505,1047
498,358
3300,234
966,1646
7937,1069
4933,1918
7042,1428
4404,1757
5223,1016
6805,92
1153,1919
3191,1560
4996,1203
4293,857
6540,1920
6444,1100
3696,1764
760,1728
2636,567
793,1461
7746,785
5389,1441
9389,725
11951,43
8661,452
2530,1314
10340,1834
465,194
3025,1184
4235,1812
284,1376
8388,685
3484,1921
694,172
1674,1651
1697,1872
4899,984
799,1716
3827,551
1284,492
4187,1130
2181,1474
7862,1922
2722,1619
4998,744
4922,1920
5894,1184
9594,1290
9939,297
7301,571
9407,1775
5433,1812
6819,642
2362,946
5047,1745
3975,151
7267,1923
10872,1412
5708,514
5744,1924
2945,1186
2491,1800
2497,210
4846,889
11328,1925
8204,59
9001,1596
4362,450
2436,1023
5600,1341
3176,94
7565,1189
1047,735
9055,1010
7300,1577
7766,1345
5183,649
11746,1840
2872,340
9321,614
3959,1926
5258,227
1433,1099
5264,464
3658,638
6129,1927
8710,1727
2293,1857
10225,546
4908,1307
5595,1928
9220,1645
5911,1715
613,735
8819,1885
4907,1148
3460,333
7978,780
9713,1152
5327,1062
6923,1833
11217,1466
5629,1283
10160,47
7906,1242
11173,1557
6970,76
2572,1662
7019,1854
4915,94
4945,1
2236,535
460,1663
6195,573
9189,863
2855,1828
7433,1755
42,1929
6502,1113
7880,957
2936,1191
3997,524
306,402
162,396
845,818
3961,551
3442,1076
7997,205
1840,668
636,427
5529,136
6700,459
10894,1930
5406,1931
9491,1266
11985,1932
6835,1200
995,177
9697,1653
4469,1286
9241,1611
6024,400
8410,1933
4392,101
9756,1934
110,116
3530,359
3800,572
4385,446
8688,1090
841,80
7823,688
238,640
534,1929
348,1003
2431,1443
6590,1379
6311,207
2926,541
2130,172
346,720
6155,1935
7497,936
1471,208
1595,1814
4334,1891
3596,1583
7956,1140
5750,589
2546,803
7886,396
1450,1808
1128,1706
4010,761
1305,253
8085,193
9585,1358
3001,554
5635,1106
1467,1115
8934,781
6555,1121
12066,1936
5858,1650
322,263
2101,1937
7678,1038
1375,1115
3513,150
6881,866
11161,1936
10293,389
2167,1429
3044,1938
8921,454
7594,549
1025,1892
10493,887
2693,16
4947,615
6206,1106
9953,283
3687,314
10925,1939
2765,1896
6912,538
6756,1751
8540,1259
1003,536
2485,365
1237,1003
8682,107
11719,794
6348,867
4518,1606
5386,895
7360,866
1520,1940
7848,451
8209,1601
5266,1941
1732,1265
1629,211
3736,984
3265,340
6999,1341
368,665
1464,1807
3761,1122
4092,1881
5932,1942
8451,1601
8369,1654
1988,1492
6179,1907
1181,480
11836,1943
2049,756
4858,876
1649,1545
5563,275
7260,1729
853,709
6065,1312
5491,1850
2668,485
6166,673
3210,18
2543,1343
10418,1841
1312,1808
8013,304
5244,1759
8105,1944
1790,20
2997,1872
273,750
2927,1614
5405,191
3314,856
3616,1256
2080,1280
5819,367
5832,481
8776,779
2701,428
227,1817
4163,1130
2904,5
11609,329
10331,344
1970,1849
5789,34
9223,1615
8149,1153
8377,35
4738,493
2501,463
6175,217
10675,1917
2266,1945
11915,1934
1016,727
349,214
9037,244
3603,669
7140,1335
9667,1127
7749,798
5387,566
4278,1254
4949,1946
8428,1352
4373,1913
12092,1947
6771,1948
8316,303
3160,359
1821,1619
5570,1949
785,1758
11323,1708
2344,1333
837,536
4759,568
2520,80
2,1863
1873,1280
5074,973
4837,610
8245,474
4848,1950
4569,1250
7725,1197
6245,1052
2419,1212
4668,1040
7470,771
883,222
1715,258
166,208
7491,773
5630,1876
6423,1951
3287,1359
11386,1694
4540,317
8779,1202
1188,605
6244,1307
6727,1052
6630,1352
6786,808
1548,143
3042,989
2863,1409
865,27
5072,1179
3461,767
2819,1771
5847,619
11373,1952
7278,1608
52,1509
1838,410
3809,1817
4776,1445
2515,1485
1212,42
666,511
1731,1222
3177,1021
5412,1007
7622,1063
2718,1300
4227,234
2576,1210
7486,421
802,29
2347,1825
6199,1241
3038,1397
5484,1659
8825,1599
6883,193
4008,1481
9276,1953
9148,58
8629,1898
6817,1615
8915,853
188,691
1303,287
6223,797
5473,167
1426,215
5639,1954
5907,1555
5940,1113
5032,1667
4005,804
6167,1179
107,892
7831,58
5516,1683
3786,830
10336,726
6561,1395
10773,302
4754,1768
2210,390
6161,1005
870,174
11316,1167
1917,1702
2661,1340
7001,1460
9571,1912
856,547
6358,1671
1770,1442
76,1105
3008,401
3255,1800
1596,1809
4360,1333
5152,965
6035,1078
8746,1955
5388,1565
4733,1795
3861,1781
2385,1497
3254,158
7716,1956
7861,400
9826,305
5778,1954
9051,1266
7462,801
154,1549
11430,139
3965,1531
5660,125
927,1849
6299,1625
8044,603
5572,1106
4053,693
3123,80
1891,1117
7458,1162
6905,672
6357,1957
381,958
8489,1439
1458,426
3857,1277
10059,1831
2140,1769
6390,877
4577,1594
1982,1722
2794,1273
10294,523
1140,557
6257,1359
3963,1958
4314,403
8467,1959
99,1960
4400,1893
5815,1014
5153,11
9053,1760
6677,1194
5574,396
1579,467
4380,1543
6153,97
9369,1835
5677,417
1781,640
539,1928
7525,1944
1242,459
3774,551
2747,737
9371,17
9729,1961
10993,337
7228,1962
8579,1957
3711,129
3525,482
4429,366
2057,1410
1968,1166
5051,219
175,1963
4558,668
3238,881
289,473
10037,1726
702,186
449,247
3015,1964
926,1117
12055,316
11761,1965
4941,230
10466,1220
8187,1966
7337,1561
3860,495
7513,1086
2058,1117
3896,1967
6815,1688
6799,1245
2506,1582
2185,1393
4707,797
3349,630
10396,1968
8612,21
11073,1425
7551,478
9446,241
8920,1969
822,509
3288,882
1859,1970
8872,1856
6954,926
1881,519
9134,229
6082,930
4711,1946
2188,1461
5197,137
4640,1955
9505,313
2649,1334
625,1280
5997,484
10387,131
1491,1003
9221,1225
2250,1919
5216,663
833,475
3550,1948
6449,785
7298,1139
7581,1414
3392,954
2176,1494
5698,1827
7068,1789
959,1613
7959,1341
5816,119
2948,1115
5890,1481
3334,194
8057,717
4887,1971
1027,1047
3505,222
7157,1082
6289,1200
974,1972
8046,767
5415,253
11893,435
6095,711
7783,1733
7122,583
4619,1520
2711,240
1061,719
4471,1692
1430,1417
2900,597
2864,608
4459,795
8372,1734
3901,850
665,849
5324,1973
7302,1916
10601,1974
7841,1150
5260,41
1938,246
1622,1975
3654,210
2355,196
3163,1901
3907,1911
2160,1495
7639,1257
93,1131
10707,155
6284,752
7523,227
1150,402
1225,2
7259,844
2759,900
4237,446
8933,1253
5023,476
4782,589
6392,373
8506,1788
4932,48
1849,253
1543,258
1775,1643
12125,1895
7012,1976
2184,1977
4431,1203
8266,1799
8297,1156
5438,1640
1916,1449
2593,1651
6849,1647
5459,1978
9583,1875
7058,1008
3740,1830
11607,1297
1273,710
5267,917
7091,1666
6623,101
4721,197
10033,1224
8320,190
3241,908
2458,161
5141,243
7161,1944
4364,1950
1908,11
7496,1979
8086,1171
6182,468
1322,1810
4789,127
908,689
1513,1024
9715,1168
4626,463
4883,1695
6329,1619
7139,971
963,727
10324,1980
610,1854
424,1897
9609,170
3631,162
2902,428
3213,1492
8760,1323
8004,1488
8664,1981
5130,154
3354,1333
8583,647
6183,1051
5722,196
569,1982
1193,427
604,972
1043,1420
1213,103
1654,1684
8202,1983
882,403
10082,238
2560,1087
9233,290
4966,138
3898,568
6993,219
6477,1747
7175,767
10067,1953
3504,980
500,640
9132,277
157,1536
1085,1984
9529,866
2839,1177
4801,227
11147,1240
4961,172
5886,669
7868,1543
8998,1696
2565,1181
3714,859
4350,1226
5414,1675
5243,1985
2537,436
6418,220
234,787
622,1288
2425,178
4044,1185
8146,955
6916,109
1949,357
3390,57
3249,1617
1294,533
10348,1620
910,413
4821,751
5892,1826
5404,1779
10486,1574
2833,841
2809,1986
1720,1314
7061,1116
3704,597
4906,1045
6281,1635
10439,884
9096,1754
1282,1081
9063,460
4572,843
1912,427
4934,1987
5372,1866
1239,267
4215,1691
11355,1883
5174,997
748,118
5550,1927
4375,1770
7489,1482
1126,46
5571,1958
813,511
738,53
3360,788
6091,567
8474,323
1634,1988
8705,1464
1130,459
5279,1918
6012,1109
4268,1989
6022,675
5820,1813
3374,564
9985,1750
7595,1962
1354,240
5005,1455
313,1929
1714,1559
994,1359
2740,495
7203,1535
3306,1745
6649,1851
10344,996
9897,1885
7947,1712
2755,125
8087,1327
985,340
4532,731
3237,447
10677,1990
3443,89
9201,1991
1477,1945
9127,1784
6421,1853
849,1420
10197,1537
2790,451
7238,191
10650,1753
10026,1925
3630,266
6147,424
9391,1992
2704,1563
11350,1761
6452,69
11735,1880
9390,1993
9383,764
708,354
2493,1982
1701,1531
3779,1012
2689,471
1964,1994
1139,640
1772,1995
10652,1917
414,347
10602,437
3829,1989
6400,367
8050,1447
2658,1945
7965,780
3220,271
274,465
1226,1996
2579,1470
2858,340
444,972
616,750
11631,1997
815,1877
3810,1915
7473,745
4885,1766
11231,1998
1274,560
2603,101
10646,991
1539,547
5804,1221
8969,1909
7577,220
1900,122
8657,1059
9824,748
8101,524
9795,1682
990,937
5578,1913
3926,342
4156,401
7182,1231
1993,1626
7378,1861
5864,1171
10094,845
4653,1321
939,1470
3770,964
3925,198
6784,1090
6330,971
10506,28
751,611
3203,946
932,1999
9788,2000
10327,2001
285,701
2381,944
2906,159
1056,1452
11338,1505
6498,66
7373,1362
3855,871
7722,101
6974,1732
10254,1874
3387,1807
7604,1791
8341,1377
2918,203
5930,414
122,332
6645,1822
5095,519
728,1188
2214,937
7103,1933
2830,1660
7819,254
10232,468
4032,408
3612,1692
277,475
9766,394
7413,631
8167,2002
5419,1578
2800,1774
1905,2003
8236,1966
5292,1693
10609,1199
10070,225
1031,1316
8647,162
5585,872
5464,1773
2810,906
328,459
4647,791
9195,854
7358,498
3216,388
9423,635
1812,152
3410,456
4943,1507
5769,1955
1868,427
10528,898
8914,1368
3095,1871
121,311
2470,573
7629,1968
1614,1563
183,284
1700,722
2292,1048
656,485
7995,800
1704,2004
6092,1202
1398,899
7252,1755
9952,1767
4218,861
5478,1741
126,160
1535,50
1137,16
6115,1422
3918,1647
5078,1624
4455,894
3034,246
3572,271
4519,422
5017,736
3117,1117
11779,2005
6398,1305
1620,1039
482,1531
7314,1100
4617,1143
204,827
9543,1096
4967,922
2338,1680
1291,318
6903,2006
11537,870
4962,567
6089,1785
2116,792
452,2007
9199,72
9477,1903
8650,1787
6739,107
336,90
704,219
7449,195
11940,1568
2656,243
1197,1684
8155,478
6909,457
2757,219
6722,2008
2675,253
5865,1239
5416,1311
7307,1908
36,1910
3425,1941
2121,1888
11548,991
9842,647
6877,644
10841,1932
10615,935
6416,1987
9653,1548
179,53
7487,1607
1388,2009
11705,1425
9657,93
4982,1981
2135,80
9660,1396
7813,1752
4222,1030
7310,100
3005,852
2799,1681
2678,1011
1413,56
5916,1206
2588,2010
3623,1604
4995,269
8406,598
5427,234
9959,2011
6191,154
4166,989
862,160
3489,2012
1774,1452
3932,1325
7526,1782
5445,755
7949,1348
7000,1886
1668,1492
1174,1173
9401,945
1440,1230
894,698
2457,640
9245,1882
2526,1550
2429,1569
3868,763
749,358
9152,1298
6469,848
2804,320
2447,1685
7463,1956
1718,1036
2574,240
1961,2013
12095,1575
8464,650
12000,1943
2367,1674
7713,1145
6351,912
4664,835
7204,1765
7273,1725
8552,1368
572,208
889,735
5278,235
5224,672
2434,94
210,20
7846,220
4882,1572
2990,177
11887,233
3307,932
8686,2014
11155,2000
5830,1184
3994,423
7872,1771
6966,1513
5296,1178
6843,886
4002,975
3832,56
1240,392
10649,1386
2732,174
3187,86
427,411
6637,1723
9373,47
7743,1231
38,471
10803,1998
560,980
6440,1720
326,668
11359,1887
10994,2015
3132,9
1633,1777
2177,56
5509,1889
8613,1601
1909,158
7945,1677
5786,175
645,328
2545,1823
4516,57
10452,951
8495,1906
353,29
11583,1319
4117,2016
6286,234
7208,219
1159,782
2247,253
3946,857
2386,1186
1100,1339
11063,516
6859,758
9899,1290
2633,2017
764,1499
6262,477
11475,1740
3731,416
4324,137
3201,1135
5059,1211
3157,171
11085,2001
3002,1350
698,428
350,1003
341,258
5084,1067
4905,38
2672,2018
6204,1305
9126,1508
61,1618
9186,1744
2903,1087
7285,949
10668,1562
10236,1556
11204,1939
4656,1023
823,199
241,1236
1013,1208
2527,645
6131,1586
7241,1398
3851,1228
4378,1756
6732,1894
5822,1931
5706,1108
1001,1117
5411,1203
2333,2003
2504,1938
5711,1114
2922,2018
7342,1532
2789,774
2360,243
7173,1436
169,860
10127,1980
7966,1983
11168,2019
5371,1106
4103,1308
4408,593
2474,1046
9726,1510
1084,46
391,1509
5176,1130
8447,1711
3521,1146
3798,1130
4165,424
3346,1793
6232,1052
6448,1073
10579,2015
4461,1888
4330,697
8018,2020
10251,1727
6685,1113
3727,299
7131,1923
4615,2021
5826,1971
1815,247
10164,739
11313,1400
4128,1411
1863,1686
2095,328
6992,458
6908,1636
6962,424
5690,2022
4654,1084
9188,1377
1983,46
6812,659
5518,64
1656,1222
2575,1963
416,116
5021,1832
2871,223
2595,1331
8158,1920
9362,1848
695,1816
5026,769
677,683
2224,2007
305,1208
5582,185
4975,1331
7035,1158
1861,1212
7168,1746
2950,1521
6946,909
4244,490
10550,1890
6413,2008
1270,1984
151,1984
3477,381
8971,817
5502,1068
715,511
3094,1471
6438,1961
10900,1538
1037,580
9518,1992
2352,1273
5413,1503
4953,2010
7683,1763
228,897
7011,1551
9570,1843
6839,886
3019,1006
2061,1667
6580,2023
7709,565
3296,1418
1883,2009
1794,723
2479,2024
951,402
7611,134
5691,262
1855,383
5018,973
1478,894
1681,1450
1510,299
2596,550
3660,993
654,1048
2911,375
1326,580
3843,1986
10161,1363
11676,1434
7727,1525
4111,1553
3411,1451
3634,1546
3096,1570
4410,494
1236,5
9306,2025
768,215
11512,124
559,160
6761,1332
5101,806
4542,1457
9604,1480
1662,579
7767,396
3816,1114
1819,1218
439,343
10666,1360
4517,783
4633,2016
5848,2026
5972,1892
6287,1730
2225,1402
3090,709
2773,48
1355,624
2083,80
717,744
1832,351
2148,485
3534,147
6488,1838
2966,1114
4107,1854
9160,2027
418,470
8391,502
1789,1536
7369,1993
10809,1363
1386,1273
3617,1928
1512,2028
4785,978
4475,1814
1065,446
10150,298
5929,730
1639,46
1219,177
3107,1659
316,1571
10833,742
4719,266
2897,85
3649,1012
3473,922
4660,1619
2670,94
457,993
6058,1051
10018,1899
6221,1284
716,664
101,1972
9710,1848
4201,1985
310,813
106,180
1271,1847
8754,868
5091,121
10430,1296
12143,766
538,517
2054,160
4521,1894
8395,2029
1953,1376
3153,561
11948,233
6710,1164
1295,623
4957,649
663,511
1833,910
5477,1776
11241,1803
1746,1655
327,1432
3089,1141
4584,1304
3451,1002
3817,1884
4925,1806
2671,727
5367,2030
4063,1200
2394,147
2179,1151
5818,1248
11220,817
4214,1459
2444,1397
8021,1787
919,1101
3370,803
8698,537
221,1222
10879,1142
1293,1560
11150,2031
5899,1126
81,1526
6713,1513
2173,1579
5366,1378
4041,1486
4148,291
6613,594
10436,887
2987,596
1347,600
10297,1556
3702,2032
4485,424
3738,1820
1952,2009
9346,2027
3058,946
4926,1
10655,1804
6530,1689
7306,744
1121,411
689,652
8076,1110
7917,1865
4706,192
7398,1979
10144,1374
7543,396
4896,1494
6049,1340
6915,872
1677,403
2205,332
6686,807
1029,369
7246,172
2801,1207
4818,1007
3165,1935
1749,1493
8300,2029
7341,1116
6270,1455
8089,1973
5763,1552
8991,1811
6836,2025
7624,301
6341,1303
10971,708
8962,1568
10826,1878
9257,1121
1802,1977
7405,2026
5936,564
10618,1157
5378,674
9579,1735
979,1854
7670,274
5702,1630
10978,1932
87,2033
3186,1964
2716,651
2584,564
1862,1410
4871,427
5046,1787
10671,1819
5709,486
772,665
11542,2000
1017,311
3494,605
1514,243
5034,441
6553,1924
6456,913
10321,1991
8098,192
11459,233
6682,1849
6098,1458
3849,149
1607,223
1280,1432
1457,2021
2043,1459
4048,1104
367,735
11901,846
11941,443
6325,1951
2481,543
4321,1921
2685,436
624,447
1586,1988
4210,136
10567,1182
2331,440
9237,1739
659,1670
2559,1919
2416,1095
3337,1258
3298,342
7619,754
891,3
946,101
11999,766
555,1757
579,146
6053,520
2467,479
2982,1397
10287,2034
1864,346
4484,850
10233,35
1522,2004
7628,1949
4800,561
302,34
2516,263
6593,159
1879,1777
970,2035
2335,1033
11736,1219
6003,493
7913,1123
3945,1495
7797,924
5647,51
6424,1648
4322,1340
4189,2028
6674,1018
10460,1638
2315,2017
3062,67
8925,1852
4850,561
4827,396
681,1493
59,258
9178,224
4940,388
1947,959
231,768
3737,1527
3643,989
8381,1004
2535,1637
4270,856
4539,101
11305,1749
4118,939
4318,375
1935,1006
1379,777
953,826
10661,1656
6097,2036
3053,1521
2246,568
6556,1747
972,1573
2476,1173
4060,1149
7976,1882
703,1658
12036,919
187,1945
7116,56
9068,1649
4856,36
2642,653
5299,1770
10906,2037
8614,1576
6388,361
1597,1975
4979,36
5126,296
8444,1388
4628,299
10756,1934
9400,1751
115,959
4449,1122
6808,1184
2577,1053
5715,149
4342,543
940,1800
3083,327
5329,753
1483,481
1616,517
6482,1528
2182,354
6196,828
2354,1481
8041,296
7834,1090
484,299
5191,183
3889,186
2323,1504
4533,1904
3414,1631
10839,967
5500,376
6142,642
3863,189
12029,1965
9855,662
2063,1112
6062,1777
8623,1788
7264,170
5896,663
2960,1667
4463,1306
4261,396
3604,1158
762,169
7112,1634
337,215
2151,433
3299,881
1754,608
3864,1842
4573,226
1527,1467
7164,579
5128,504
2035,1994
5520,469
3485,648
5893,1103
8460,835
8931,1140
4726,2013
4694,882
6112,888
6796,262
116,1216
7276,1867
4122,612
6141,1837
260,215
8014,1355
5590,2038
4026,1441
1998,427
4286,705
1401,699
1350,789
1553,921
5208,707
8626,1386
6594,633
8390,686
8034,1873
131,70
9786,686
1787,1357
5061,65
9482,481
6073,304
4783,921
3508,571
9652,1223
317,1816
3859,428
9658,1673
5874,850
2580,1849
7114,571
7233,1881
5868,1846
1309,964
4062,136
6577,1978
6707,2036
8687,835
4870,861
5375,670
2350,1470
5640,1593
4276,1609
1353,626
9851,1038
5160,1430
952,194
1673,1055
1422,1970
5522,1267
3754,2032
8480,1231
1046,1849
9318,898
8208,2038
8553,902
1574,234
1921,223
7045,565
6542,1652
3275,1226
11496,2019
4030,92
11517,603
5810,862
4345,803
3811,915
11043,1214
11707,1476
5307,212
5134,1428
9304,2014
4554,242
10521,1017
9432,1366
2119,1265
3583,97
130,744
7254,486
9481,1345
8177,1098
2428,1818
874,281
2686,695
5592,1845
1412,1700
723,710
8196,184
4082,379
3037,234
8291,288
5285,1205
9398,905
10322,1007
629,332
2044,429
11454,1952
7029,449
6837,206
8079,1019
2899,1905
6615,1340
854,1999
3343,491
10255,2005
7372,1885
2346,1988
4893,1125
3239,699
3516,441
8821,1969
1963,1937
8107,177
6126,1806
2085,89
7563,1477
9774,1366
9763,1298
4728,172
5194,1514
2873,1413
7912,2030
4655,451
422,340
991,1709
2862,605
3913,977
2440,1380
5253,778
1594,1188
4657,61
4473,931
4058,1849
2771,56
10095,176
5876,1881
6811,1942
10827,1400
5049,136
4863,319
9288,890
2921,432
1756,511
11493,1738
873,208
3703,1317
6084,1454
6479,2006
756,19
12112,1947
3104,396
113,427
4955,1054
8743,2039
84,1573
6128,2040
10306,1627
471,409
1099,2035
5922,340
4246,566
412,1022
5270,403
2630,564
4658,1100
1077,1531
11153,1930
7510,1262
6071,507
7199,417
1888,80
7080,1967
755,835
8116,2041
5342,1922
395,517
4371,367
657,1610
9062,481
9711,2011
5346,258
11933,1678
765,1868
64,436
297,758
10052,1225
2369,894
7931,24
309,1488
3033,2028
9566,294
3283,507
4144,74
4644,462
339,1095
9714,1462
7195,1366
5984,582
6906,2020
7944,2002
8663,380
2301,1564
9431,1797
3639,556
321,451
9619,1870
2060,1926
1052,2033
7866,1295
11738,200
4978,1481
1706,195
9844,1974
10076,1997
3459,893
10873,1567
6901,190
2105,1686
2669,328
6309,566
3797,1786
2325,958
6842,1461
1495,572
509,543
1956,1805
9528,951
9963,869
5552,1517
275,920
2827,1853
3536,917
3217,453
6105,982
7485,622
7873,1407
3223,450
9265,1537
11000,1523
9625,297
9311,310
4513,1492
5560,1790
6132,1594
5784,1435
3493,495
8326,498
2788,2024
6545,83
8102,136
7530,384
9971,992
11402,1682
5380,1717
7255,1501
6551,1714
3936,1669
1581,1006
4810,957
8936,279
1106,1613
1830,578
4055,934
903,1914
8315,1180
4432,1584
469,1212
1617,587
308,920
9191,2041
5320,1340
4581,670
2008,668
9139,77
2638,1058
2015,1397
6056,1372
6312,1330
4289,1077
11683,270
2674,737
1206,20
5877,1855
3511,1995
8166,1352
2316,948
1708,1039
3082,2022
4541,1
9644,1516
1793,1113
4488,1902
8367,1590
4000,1283
8321,1971
4730,403
8025,1959
4285,1378
957,1183
192,861
2869,1642
544,1048
4980,1151
10456,2031
5601,702
8634,1370
5557,1444
857,562
1124,1474
1874,1107
161,1065
8832,823
6347,2012
10204,1990
1844,1563
1000,1055
7745,268
1468,727
1817,897
2533,1064
5344,163
1516,813
10193,1204
2299,1507
8093,1251
10949,2034
3401,1304
640,1996
1045,952
5674,873
8726,1483
5431,149
2663,866
1851,1
2605,683
2097,1141
6124,2023
4814,582
6241,1522
3854,1528
977,1474
3023,1494
1600,1940
507,1
1810,507
270,208
5695,1976
4489,1655
7176,210
7910,323
5303,1603
7805,1862
9323,1487
1667,1280
3618,508
7437,1284
8289,1742
150,482
6144,1366
2589,1525
4700,934
4441,1111
3611,227
5634,1468
3405,624
2733,2017
7224,475
5739,864
8305,2040
3172,1210
9485,563
1665,1657
9057,45
11061,2037
7512,1223
7277,1576
1610,1960
2349,451
2102,756
6235,696
2306,354
3180,568
2274,544
5521,1312
7927,1776
2286,50
3747,202
7701,1271
7431,953
11055,1516
3077,990
8826,225
5654,879
2074,928
1023,795
8919,1261
614,445
675,683
5222,986
1690,1945
4948,37
6066,59
3198,1798
5180,177
907,1539
8689,2039
5632,915
6851,1193
869,208
2071,1807
950,1988
6099,583
4247,1138
6634,368
6283,654
5748,1134
2271,1868
4326,425
7211,99
9136,302
10020,2039
237,897
8070,1522
